,STATE/UT,YEAR,MURDER,ATTEMPT TO MURDER,CULPABLE HOMICIDE NOT AMOUNTING TO MURDER,RAPE,CUSTODIAL RAPE,OTHER RAPE,KIDNAPPING & ABDUCTION,KIDNAPPING AND ABDUCTION OF WOMEN AND GIRLS,KIDNAPPING AND ABDUCTION OF OTHERS,DACOITY,PREPARATION AND ASSEMBLY FOR DACOITY,ROBBERY,BURGLARY,THEFT,AUTO THEFT,OTHER THEFT,RIOTS,CRIMINAL BREACH OF TRUST,CHEATING,COUNTERFIETING,ARSON,HURT/GREVIOUS HURT,DOWRY DEATHS,ASSAULT ON WOMEN WITH INTENT TO OUTRAGE HER MODESTY,INSULT TO MODESTY OF WOMEN,CRUELTY BY HUSBAND OR HIS RELATIVES,IMPORTATION OF GIRLS FROM FOREIGN COUNTRIES,CAUSING DEATH BY NEGLIGENCE,OTHER IPC CRIMES,TOTAL IPC CRIMES
0,ANDHRA PRADESH,2001,5204,3110,272,1742,0,1742,2364,1530,834,428,18,1258,14440,33502,6102,27400,6002,1576,10782,288,1744,69894,840,7088,4542,11582,14,14800,68688,260178
1,ANDHRA PRADESH,2002,5050,3288,330,2004,0,2004,2604,1708,896,394,6,1296,15256,38444,7088,31356,4280,2100,13466,310,1982,79678,898,7598,4048,14036,0,17382,72770,287220
2,ANDHRA PRADESH,2003,5334,3356,294,1892,0,1892,2970,1862,1108,352,10,1320,18100,46816,9042,37774,4656,2198,15162,636,2098,83090,932,8256,4572,16334,10,17030,78484,313902
3,ANDHRA PRADESH,2004,5158,3816,326,2032,0,2032,3052,2060,992,398,4,1192,16914,47156,10084,37072,5080,1796,15856,350,1830,86670,1024,7634,4620,16776,4,22904,72920,317512
4,ANDHRA PRADESH,2005,5500,3448,222,1870,2,1868,3224,1990,1234,500,8,1588,15908,47556,10930,36626,4052,1896,15818,514,1934,84358,886,7190,5016,17392,6,19946,75414,314246
5,ANDHRA PRADESH,2006,5532,3720,246,2098,2,2096,4060,2658,1402,356,6,1358,16608,47020,10626,36394,5832,2014,16726,648,2024,95892,1038,9068,4822,18328,0,22978,87444,347818
6,ANDHRA PRADESH,2007,5330,3770,270,2140,0,2140,4194,3128,1066,340,12,1228,15354,48782,12366,36416,3996,1738,16206,448,2352,92244,1226,8812,6632,22670,0,25258,87172,350174
7,ANDHRA PRADESH,2008,5380,3884,330,2514,0,2514,3940,2792,1148,220,22,1246,16664,50724,14594,36130,3860,1980,16786,758,2042,96334,1112,9460,7102,20612,0,25722,87858,358550
8,ANDHRA PRADESH,2009,4898,3718,268,2376,0,2376,3916,3052,864,204,54,1088,15544,49384,15608,33776,4522,1808,17056,922,2078,88976,1092,10294,7040,22594,0,26876,96174,360882
9,ANDHRA PRADESH,2010,5076,3906,310,2724,0,2724,4106,3062,1044,268,4,1100,16400,53512,14844,38668,4462,2260,18328,372,1850,93554,1176,9268,9124,24160,0,28170,82746,362876
10,ANDHRA PRADESH,2011,5616,4458,342,2884,0,2884,4308,3224,1084,252,14,1200,16600,56534,17932,38602,4420,2348,19496,448,2042,108904,1198,9698,7316,26752,0,27946,76784,379560
11,ANDHRA PRADESH,2012,5434,4366,316,2682,0,2682,3740,2806,934,262,2,1336,16884,54950,16072,38878,3756,2542,22004,520,1960,113536,1008,9632,7428,26778,0,27858,78050,385044
12,ARUNACHAL PRADESH,2001,166,106,6,66,0,66,166,110,56,44,4,168,496,886,72,814,48,82,60,8,26,932,0,156,6,22,0,0,1236,4684
13,ARUNACHAL PRADESH,2002,122,76,12,76,0,76,114,76,38,44,0,192,498,790,102,688,42,46,58,10,40,802,0,136,4,26,0,0,1368,4456
14,ARUNACHAL PRADESH,2003,154,40,6,62,0,62,136,102,34,74,0,120,506,740,100,640,14,56,42,14,20,854,0,86,0,28,0,0,1170,4122
15,ARUNACHAL PRADESH,2004,134,90,2,84,0,84,130,82,48,60,4,90,430,776,150,626,130,52,68,2,38,858,0,122,0,8,0,0,1434,4512
16,ARUNACHAL PRADESH,2005,162,74,10,70,0,70,116,78,38,46,0,154,526,1062,238,824,46,72,56,8,26,766,0,134,0,18,0,138,1124,4608
17,ARUNACHAL PRADESH,2006,120,66,6,74,0,74,150,102,48,56,0,148,514,902,148,754,12,122,76,18,40,830,2,126,4,28,0,164,1130,4588
18,ARUNACHAL PRADESH,2007,136,58,4,96,0,96,136,88,48,32,0,150,480,1026,232,794,32,82,66,20,44,750,0,144,2,40,0,164,1110,4572
19,ARUNACHAL PRADESH,2008,144,74,4,84,0,84,158,94,64,28,0,158,490,890,120,770,36,86,56,2,20,958,0,144,2,26,0,208,1180,4748
20,ARUNACHAL PRADESH,2009,118,66,10,118,0,118,124,56,68,40,0,110,402,762,218,544,104,76,58,16,56,1052,0,116,12,26,0,220,1238,4724
21,ARUNACHAL PRADESH,2010,150,68,6,94,0,94,134,92,42,30,0,138,422,890,278,612,62,118,182,0,56,878,0,168,2,24,0,212,1244,4878
22,ARUNACHAL PRADESH,2011,130,58,4,84,0,84,186,120,66,26,0,128,366,828,304,524,98,108,148,4,68,758,0,102,0,36,0,196,1244,4572
23,ARUNACHAL PRADESH,2012,146,58,2,92,0,92,164,116,48,40,0,130,430,804,190,614,56,110,170,2,66,876,2,134,4,52,0,188,1314,4840
24,ASSAM,2001,2712,962,80,1634,0,1634,2960,2140,820,1064,28,1374,4846,10734,700,10034,5906,748,1150,92,882,11610,118,1700,8,2496,0,4020,18630,73754
25,ASSAM,2002,2506,958,110,1940,0,1940,3190,2552,638,946,36,1214,5008,11110,992,10118,6028,1116,1438,114,876,9528,140,1968,14,3388,0,3914,17150,72692
26,ASSAM,2003,2382,970,96,2190,0,2190,3256,2702,554,942,52,1046,5212,11050,812,10238,6680,1222,1788,116,1354,9904,120,1756,12,3616,0,4172,18454,76390
27,ASSAM,2004,2428,820,126,2342,0,2342,3812,3104,708,720,62,1010,5088,11732,1370,10362,7230,1172,1730,114,758,11822,148,1766,22,3890,0,4478,20080,81350
28,ASSAM,2005,2388,1006,234,2476,0,2476,3502,2912,590,668,44,902,4510,12738,1910,10828,5520,974,1746,206,846,11812,198,1798,38,4412,6,5390,22598,84012
29,ASSAM,2006,2414,828,64,2488,0,2488,3650,3088,562,638,24,1088,5822,15640,2724,12916,5368,922,1810,196,976,10580,210,2580,20,5096,0,6044,20888,87346
30,ASSAM,2007,2748,902,218,2874,0,2874,3942,2942,1000,598,24,992,5206,15508,3964,11544,5202,1306,1790,230,760,10350,200,1578,20,6000,0,5750,24366,90564
31,ASSAM,2008,2852,834,142,2876,0,2876,4478,3578,900,624,148,1136,6294,16024,4202,11822,5200,1360,1992,182,886,12214,206,2544,4,6956,0,4518,35196,106666
32,ASSAM,2009,2646,834,70,3262,0,3262,5436,4184,1252,502,42,1360,6298,15288,3426,11862,3616,1604,2196,168,952,13094,340,2684,20,8796,2,5470,35946,110626
33,ASSAM,2010,2446,862,92,3442,10,3432,6500,5534,966,496,24,1324,6916,15720,4248,11472,4366,1984,2742,136,874,11488,350,2800,40,10820,0,5694,44220,123336
34,ASSAM,2011,2606,1008,96,3400,0,3400,7528,6384,1144,610,8,1674,6654,16618,1170,15448,4656,1840,2990,120,1012,12612,242,2386,16,10492,4,5830,51026,133428
35,ASSAM,2012,2736,1340,108,3432,0,3432,7624,6720,904,532,14,1814,7650,18788,5440,13348,10154,2556,3410,122,5660,13352,280,3680,10,12814,4,5130,54154,155364
36,BIHAR,2001,7286,6838,500,1776,0,1776,4318,1036,3282,2582,294,4406,6466,19402,2100,17302,17212,1892,3318,170,1004,15088,1718,1124,42,3116,166,4812,73334,176864
37,BIHAR,2002,7424,7052,792,2080,0,2080,4722,1488,3234,2578,282,4576,6376,20290,2262,18028,17350,2430,3622,144,1200,17540,1854,1242,12,3154,76,4994,78290,188080
38,BIHAR,2003,7542,7080,596,1970,0,1970,4854,1348,3506,2442,240,4926,5972,20248,2714,17534,16058,2210,3894,184,1338,17768,1818,1376,22,3760,74,5148,75006,184526
39,BIHAR,2004,7896,5990,560,2780,2,2778,6826,1994,4832,2638,290,5972,6350,22226,4166,18060,19586,3402,5528,114,1414,22462,2058,1408,26,5358,70,4810,88356,216120
40,BIHAR,2005,6942,6614,518,2294,0,2294,5386,1858,3528,2424,330,4748,6234,21624,4268,17356,15342,2362,3658,100,1520,23878,2028,902,26,3148,148,5360,80114,195700
41,BIHAR,2006,6498,6606,652,2464,0,2464,5238,2168,3070,2002,280,4338,7062,23504,4046,19458,16518,2108,4342,194,1570,25348,2376,1060,106,3378,84,5720,79882,201330
42,BIHAR,2007,6068,6226,514,3110,0,3110,5060,2520,2540,1372,156,3574,6518,23590,4784,18806,15924,2652,4716,158,1730,32576,2344,1706,24,3270,112,7578,89862,218840
43,BIHAR,2008,6278,5908,772,2604,0,2604,6094,3578,2516,1372,120,3184,6828,26412,5350,21062,16198,2704,5482,138,1544,33288,2420,1998,42,3984,44,9184,108740,245338
44,BIHAR,2009,6304,6136,486,1858,0,1858,6444,3972,2472,1308,128,3238,7132,30442,7348,23094,17108,2372,5352,138,1370,29492,2590,1452,24,5064,62,9032,108330,245862
45,BIHAR,2010,6724,5830,688,1590,0,1590,7348,5138,2210,1288,92,3076,6874,31088,8514,22574,17618,2142,6050,104,1320,30656,2514,1068,32,4542,16,11230,113016,254906
46,BIHAR,2011,6396,6654,696,1868,2,1866,8536,6100,2436,1112,210,2762,7258,32584,10082,22502,19536,3482,7552,128,1410,38782,2826,1580,22,5214,20,11754,111410,271792
47,BIHAR,2012,7132,10904,570,1854,0,1854,9614,7578,2036,1080,108,2532,7516,35334,12808,22526,21742,3300,7866,80,1598,91654,2550,236,74,7372,8,9262,70842,293228
48,CHHATTISGARH,2001,1760,1058,90,1918,0,1918,414,342,72,174,38,676,8288,9624,1840,7784,1742,308,804,16,430,10954,140,3526,322,1680,0,1378,31580,76920
49,CHHATTISGARH,2002,1688,906,48,1984,0,1984,356,308,48,288,12,652,7462,8604,1778,6826,1634,192,786,36,470,8968,170,2966,294,1306,0,1926,35152,75900
50,CHHATTISGARH,2003,1552,1026,102,1796,0,1796,354,298,56,280,28,662,7242,8340,1844,6496,1406,152,824,48,302,7306,158,2962,210,1202,0,2316,38630,76898
51,CHHATTISGARH,2004,1854,1238,50,1938,0,1938,428,348,80,212,16,726,7440,10028,2632,7396,1580,202,848,84,484,7798,142,3322,262,1482,0,3434,40286,83854
52,CHHATTISGARH,2005,2026,1320,82,1980,0,1980,492,368,124,408,50,802,7242,11200,3238,7962,1786,220,862,146,428,7468,200,2900,264,1464,0,4008,41918,87266
53,CHHATTISGARH,2006,2196,1650,30,1990,0,1990,478,356,122,320,48,878,7014,10524,3246,7278,1810,274,1014,66,524,13444,206,3196,286,1434,2,4478,38492,90354
54,CHHATTISGARH,2007,2194,1494,52,1964,0,1964,488,362,126,230,26,854,7264,10762,3628,7134,1762,300,934,128,506,13602,200,3098,222,1648,0,4952,39010,91690
55,CHHATTISGARH,2008,2338,1472,36,1956,0,1956,546,432,114,248,34,1000,8224,12158,4244,7914,2288,338,1124,142,604,17130,212,3242,250,1794,0,5600,42148,102884
56,CHHATTISGARH,2009,2166,1464,38,1952,0,1952,572,458,114,268,32,1108,7950,11584,4362,7222,1914,332,1364,136,670,19086,256,3196,304,1786,0,5470,41092,102740
57,CHHATTISGARH,2010,2130,1512,60,2024,0,2024,718,558,160,244,30,1104,7422,11610,4278,7332,2184,392,1626,118,638,20376,230,3412,364,1722,4,5814,46182,109916
58,CHHATTISGARH,2011,2220,1494,56,2106,0,2106,944,730,214,136,14,940,7096,10630,4584,6046,1868,360,1960,130,578,22210,208,3308,348,1668,4,5712,50446,114436
59,CHHATTISGARH,2012,1996,1186,52,2068,0,2068,900,700,200,128,8,824,6668,10682,4716,5966,1820,340,1850,106,660,21710,162,3202,324,1960,0,5776,46774,109196
60,GOA,2001,72,60,10,24,0,24,18,12,6,14,0,50,718,1152,336,816,128,78,124,4,32,348,4,34,14,22,0,382,1394,4682
61,GOA,2002,60,40,8,24,0,24,18,10,8,10,0,48,752,992,292,700,158,54,156,6,50,472,4,36,12,16,0,404,1560,4880
62,GOA,2003,68,50,12,62,0,62,28,26,2,10,0,42,514,928,264,664,94,120,212,6,36,396,4,38,14,48,0,328,1478,4488
63,GOA,2004,80,12,10,74,0,74,26,20,6,10,0,36,522,1006,240,766,66,98,122,0,14,340,4,46,30,34,0,432,1292,4254
64,GOA,2005,90,30,10,40,0,40,34,24,10,4,0,56,530,990,370,620,90,100,116,12,24,310,4,60,16,22,0,418,1282,4238
65,GOA,2006,78,34,2,42,0,42,32,20,12,14,0,34,504,988,446,542,126,70,110,18,76,340,0,36,14,28,0,466,1396,4408
66,GOA,2007,66,46,14,40,0,40,24,14,10,14,0,44,584,988,414,574,140,72,110,20,48,300,4,40,14,28,0,494,1868,4958
67,GOA,2008,98,50,22,60,0,60,72,56,16,6,0,46,604,1202,476,726,204,94,210,44,54,370,4,64,24,24,0,460,1772,5484
68,GOA,2009,106,48,22,94,0,94,66,44,22,8,0,60,588,1716,672,1044,100,104,264,54,48,382,6,74,20,42,0,440,1768,6010
69,GOA,2010,70,54,6,72,0,72,50,36,14,4,0,78,736,2068,718,1350,128,114,234,66,46,354,2,72,32,34,0,512,1854,6586
70,GOA,2011,96,44,12,58,0,58,56,34,22,4,0,52,636,2230,926,1304,148,90,284,62,48,430,2,58,24,36,0,526,2002,6898
71,GOA,2012,90,70,6,110,0,110,48,32,16,12,0,50,712,1830,600,1230,244,128,410,32,68,532,0,98,32,48,0,466,2230,7216
72,GUJARAT,2001,2452,1074,188,572,0,572,1996,1714,282,654,38,1982,10284,31668,11008,20660,3860,3496,3558,110,898,27520,134,1512,222,7334,0,5848,101438,206838
73,GUJARAT,2002,3064,1518,26,534,0,534,2030,1614,416,1608,24,2196,10654,31484,12390,19094,7330,2770,2914,92,3830,27062,124,1500,208,6642,0,6516,101224,213350
74,GUJARAT,2003,2228,956,58,472,0,472,2088,1718,370,676,28,2534,11688,38608,14402,24206,3648,3746,3950,550,1032,25222,108,1444,184,7368,0,7072,93758,207418
75,GUJARAT,2004,2226,938,54,678,0,678,2266,1810,456,720,30,2272,11656,37102,13862,23240,3198,3224,3452,244,776,24524,116,1514,328,7910,0,7916,99794,210938
76,GUJARAT,2005,2066,904,54,648,0,648,2328,1832,496,564,30,1932,10664,35928,14166,21762,3256,2740,3082,894,640,21006,96,1604,208,8180,0,8240,121764,226828
77,GUJARAT,2006,2330,942,48,708,0,708,2256,1890,366,580,24,1940,11060,36950,14376,22574,3068,2492,3058,392,642,21370,100,1472,276,9954,0,8678,133604,241944
78,GUJARAT,2007,2332,988,42,632,0,632,2624,2178,446,490,20,2190,9740,36328,16044,20284,3336,2278,2232,572,660,21978,84,1644,240,11654,0,9662,136664,246390
79,GUJARAT,2008,2212,974,70,748,0,748,2646,2238,408,512,28,2644,10106,41430,19894,21536,3618,2334,2334,380,726,21794,54,1656,244,12188,0,9868,131050,247616
80,GUJARAT,2009,2040,936,60,866,0,866,2696,2324,372,492,22,2840,8976,39338,22260,17078,3078,2512,2028,476,480,18912,48,1454,228,11012,0,10356,121516,230366
81,GUJARAT,2010,2096,924,88,816,0,816,2894,2580,314,372,36,2768,8142,33588,19634,13954,3246,2428,2004,510,520,20262,38,1336,220,11200,0,11814,127576,232878
82,GUJARAT,2011,2252,956,86,878,0,878,3228,2884,344,442,48,2736,9018,32086,17868,14218,3230,2678,2798,512,526,20318,60,1370,186,12104,0,11654,139576,246742
83,GUJARAT,2012,2252,1114,86,946,0,946,3440,3054,386,574,38,2732,9390,31904,18114,13790,3516,2480,2722,432,564,20468,42,1490,186,13316,0,11146,151404,260242
84,HARYANA,2001,1562,934,156,796,0,796,898,594,304,154,282,794,6218,12234,6044,6190,1500,1112,2032,74,406,9488,570,956,802,3026,0,1712,31812,77518
85,HARYANA,2002,1520,974,178,722,2,720,854,580,274,122,324,660,6096,11924,5910,6014,1400,1158,1866,64,398,9028,512,908,2848,3130,0,1910,33708,80304
86,HARYANA,2003,1404,892,152,706,0,706,776,542,234,126,380,562,5962,11182,6158,5024,1278,1172,1800,60,244,8306,444,688,2604,3236,0,1942,33308,77224
87,HARYANA,2004,1466,882,130,772,0,772,846,584,262,104,290,488,5572,13116,7470,5646,1398,1068,2178,64,190,8388,502,806,1700,4052,0,1962,32218,78192
88,HARYANA,2005,1568,1026,114,922,0,922,984,688,296,176,276,780,6874,17388,10068,7320,1798,1124,2408,62,238,9138,424,760,1194,4150,0,2166,31758,85328
89,HARYANA,2006,1746,1170,118,1216,0,1216,1270,862,408,208,448,820,8002,21036,12600,8436,2284,1500,2848,70,312,10270,510,972,982,4508,0,2700,38028,101018
90,HARYANA,2007,1822,1184,144,976,0,976,1602,1108,494,278,532,1004,8462,22094,12998,9096,2346,1452,2464,66,284,10062,538,834,818,4824,0,3090,38318,103194
91,HARYANA,2008,1842,1232,184,1262,0,1262,1708,1288,420,240,514,1110,8498,25418,15348,10070,2368,1526,2300,80,278,9008,604,870,1210,4870,0,2646,42920,110688
92,HARYANA,2009,1896,1380,156,1206,0,1206,1832,1318,514,306,594,1358,8154,25834,16898,8936,2332,1654,2812,70,306,7954,562,902,1210,5234,0,3098,43608,112458
93,HARYANA,2010,2010,1672,126,1440,0,1440,1926,1428,498,294,496,1468,8890,32532,22598,9934,2828,1838,3324,58,442,7466,568,952,1160,5440,0,3190,40120,118240
94,HARYANA,2011,2124,1702,120,1466,0,1466,1918,1466,452,334,352,1276,10022,34850,25082,9768,2932,1624,3522,36,332,6846,510,948,980,5480,0,3010,41098,121482
95,HARYANA,2012,1982,1820,136,1336,0,1336,2698,1800,898,408,352,1422,10258,35180,25958,9222,2848,1480,3596,40,382,6554,516,1050,868,6274,0,2968,42792,124960
96,HIMACHAL PRADESH,2001,238,150,22,248,0,248,252,210,42,8,0,56,1688,1200,284,916,1256,138,292,4,268,2806,20,620,28,634,0,966,12104,22998
97,HIMACHAL PRADESH,2002,246,172,12,274,0,274,276,232,44,0,2,36,1420,1128,284,844,1292,150,274,0,290,2952,12,652,24,468,0,964,13842,24486
98,HIMACHAL PRADESH,2003,250,148,10,252,0,252,226,192,34,16,0,38,1414,1254,436,818,1220,126,260,6,242,2770,12,500,36,442,0,926,13874,24022
99,HIMACHAL PRADESH,2004,220,154,24,306,0,306,246,198,48,2,0,50,1532,1286,384,902,1124,194,348,12,224,2842,16,568,32,504,0,938,14030,24652
100,HIMACHAL PRADESH,2005,220,158,44,282,0,282,236,204,32,12,0,44,1392,1392,332,1060,1116,164,326,12,194,2718,4,572,58,456,0,960,14330,24690
101,HIMACHAL PRADESH,2006,222,156,40,226,0,226,260,218,42,14,0,58,1508,1624,428,1196,1132,274,258,8,230,2522,6,550,62,518,0,998,15520,26186
102,HIMACHAL PRADESH,2007,254,114,18,318,0,318,342,300,42,10,0,46,1754,2184,528,1656,1298,264,424,22,282,2636,16,644,66,684,0,1194,15874,28444
103,HIMACHAL PRADESH,2008,258,118,10,314,0,314,302,274,28,12,0,40,1770,2304,664,1640,1254,274,496,22,254,2516,6,590,82,686,0,970,15674,27952
104,HIMACHAL PRADESH,2009,250,146,26,366,0,366,300,244,56,8,0,42,1568,1646,654,992,1182,234,528,4,248,2460,2,636,74,568,0,1232,15110,26630
105,HIMACHAL PRADESH,2010,264,148,24,320,0,320,388,324,64,4,0,22,1486,1676,668,1008,1230,220,636,8,254,2748,4,700,156,550,0,1220,14040,26098
106,HIMACHAL PRADESH,2011,260,100,12,336,0,336,424,382,42,2,0,20,1990,2084,712,1372,1060,286,718,8,220,2502,8,662,124,478,0,1126,16204,28624
107,HIMACHAL PRADESH,2012,226,106,18,366,0,366,344,304,40,2,0,20,1856,1538,530,1008,988,274,746,2,262,2346,4,500,136,502,0,1124,13754,25114
108,JAMMU & KASHMIR,2001,2150,2948,66,338,0,338,1212,1008,204,48,0,322,2690,3838,1266,2572,2144,180,782,30,874,636,26,1244,576,100,0,714,18092,39010
109,JAMMU & KASHMIR,2002,2096,2480,62,384,0,384,1348,1192,156,84,0,326,2642,4040,1328,2712,1992,182,764,40,772,732,36,1570,736,108,0,760,18780,39934
110,JAMMU & KASHMIR,2003,1858,2432,58,422,0,422,1424,1230,194,46,0,308,3052,3898,1152,2746,2334,232,816,42,656,620,20,1750,752,142,0,756,20848,42466
111,JAMMU & KASHMIR,2004,1632,2224,58,436,0,436,1470,1264,206,56,0,258,2840,3878,1146,2732,2232,210,828,64,640,668,18,1980,528,164,0,844,21354,42382
112,JAMMU & KASHMIR,2005,1294,1810,74,402,0,402,1496,1316,180,26,0,232,2794,3802,1008,2794,2444,234,806,58,480,710,10,1660,742,152,0,924,20080,40230
113,JAMMU & KASHMIR,2006,974,1708,80,500,0,500,1578,1446,132,20,0,224,2702,3874,1108,2766,2394,246,926,70,406,752,20,1920,694,270,0,444,21772,41574
114,JAMMU & KASHMIR,2007,636,1338,46,576,0,576,1516,1414,102,36,0,222,2920,4172,1028,3144,2418,242,978,62,372,748,18,1972,706,352,0,486,23070,42886
115,JAMMU & KASHMIR,2008,474,1140,62,438,0,438,1408,1312,96,6,0,134,2694,4396,1378,3018,3564,174,784,46,460,546,42,1870,592,324,0,586,21468,41208
116,JAMMU & KASHMIR,2009,474,1094,46,474,0,474,1746,1650,96,2,0,138,3132,5262,1752,3510,2944,264,950,74,434,662,24,1944,742,392,0,1034,22118,43950
117,JAMMU & KASHMIR,2010,434,1422,52,490,0,490,1792,1680,112,12,0,122,2812,5020,1934,3086,4338,300,844,38,448,556,18,2076,524,422,0,988,23738,46446
118,JAMMU & KASHMIR,2011,338,988,58,554,0,554,2154,2046,108,28,0,176,3032,5310,1860,3450,2810,390,1224,78,410,492,22,2388,700,572,0,770,26514,49008
119,JAMMU & KASHMIR,2012,248,1022,32,606,0,606,2186,2082,104,12,0,162,2790,4044,1114,2930,2800,326,1224,34,380,644,16,2644,694,602,0,742,28008,49216
120,JHARKHAND,2001,3014,1732,286,1134,0,1134,882,558,324,1272,96,1294,2532,7654,1508,6146,4036,566,1108,46,330,4508,434,594,10,968,4,840,17554,50894
121,JHARKHAND,2002,2976,2286,230,1594,0,1594,936,356,580,1160,110,1560,2838,8748,1120,7628,4562,666,882,12,334,4588,550,822,6,1176,72,832,25938,62878
122,JHARKHAND,2003,2964,1914,218,1424,0,1424,974,524,450,1404,74,1728,2936,8310,1128,7182,4962,530,958,10,294,6124,524,848,4,1118,0,1284,25804,64406
123,JHARKHAND,2004,2976,2286,230,1594,0,1594,936,356,580,1160,110,1560,2838,8748,1120,7628,4562,666,882,12,334,4588,550,822,6,1176,72,832,25938,62878
124,JHARKHAND,2005,3046,2168,174,1506,10,1496,1242,566,676,1184,98,1464,3220,12390,2362,10028,5048,486,1286,38,404,6156,514,586,72,1180,8,2980,25100,70350
125,JHARKHAND,2006,2984,2156,194,1598,0,1598,1270,820,450,1072,90,1558,2856,12346,2292,10054,5300,638,1666,68,356,6110,562,828,88,1336,10,2308,27334,72728
126,JHARKHAND,2007,3234,2152,184,1710,0,1710,1524,1068,456,1048,80,1542,2990,14182,3568,10614,5130,896,1628,38,320,7566,606,684,30,1602,0,2038,27794,76978
127,JHARKHAND,2008,3394,2122,224,1582,0,1582,1584,998,586,832,100,1522,2750,14538,4330,10208,5152,538,1800,48,328,5652,532,542,46,1702,78,2620,29686,77372
128,JHARKHAND,2009,3272,2548,208,1438,0,1438,1654,1034,620,824,106,1560,2784,15432,5980,9452,4624,946,1820,30,406,8264,590,552,166,1420,12,3356,22860,74872
129,JHARKHAND,2010,3378,2056,164,1546,0,1546,1956,1392,564,670,38,1418,2714,14180,5418,8762,4894,1010,1976,32,370,8542,552,490,32,1300,16,3490,26954,77778
130,JHARKHAND,2011,3494,1436,166,1568,0,1568,1882,1320,562,618,80,1228,2470,12756,3744,9012,4266,894,1814,44,276,8806,564,634,14,1318,12,3456,23880,71676
131,JHARKHAND,2012,3388,1684,184,1624,0,1624,2112,1572,540,568,66,988,2432,13360,4430,8930,4662,1278,3132,28,272,9570,604,568,20,2522,6,3188,29636,81892
132,KARNATAKA,2001,3252,2950,148,586,0,586,1118,542,576,356,72,1694,12788,25736,8032,17704,13372,988,5356,262,704,46570,440,3330,162,3510,0,200,94602,218196
133,KARNATAKA,2002,3254,3152,110,584,0,584,1290,600,690,356,132,1944,12960,27636,8752,18884,13676,970,5528,350,874,45648,466,3296,200,3652,0,304,101016,227398
134,KARNATAKA,2003,3012,2482,116,642,0,642,1062,488,574,440,130,1722,12110,28360,8592,19768,11568,990,5504,252,830,43826,388,3170,168,3408,0,344,104286,224810
135,KARNATAKA,2004,3038,2774,114,582,2,580,1184,572,612,354,218,2048,12186,32186,10370,21816,12474,846,5518,130,496,42464,518,2870,114,3176,0,554,105036,228880
136,KARNATAKA,2005,3218,2812,160,686,0,686,1178,624,554,416,238,2404,11972,34016,11840,22176,12302,868,5818,266,476,41766,522,3170,142,3766,0,486,108478,235160
137,KARNATAKA,2006,3254,2968,136,800,0,800,1126,656,470,404,494,2698,11934,29802,11518,18284,12366,942,5820,278,536,38976,488,3366,76,4258,0,1068,113630,235420
138,KARNATAKA,2007,3076,2502,110,872,2,870,1360,780,580,356,484,2626,10898,28702,11774,16928,11566,800,7200,248,524,37926,502,3656,56,5014,0,1028,121706,241212
139,KARNATAKA,2008,3396,2950,162,892,0,892,1516,810,706,540,496,3230,12516,35640,17920,17720,12026,848,7338,236,530,38318,518,3908,88,5276,2,1144,123510,255080
140,KARNATAKA,2009,3404,3214,158,1018,0,1018,1784,816,968,546,692,3650,13258,41152,22186,18966,12538,922,10158,342,586,40210,528,4372,128,6370,4,834,122216,268084
141,KARNATAKA,2010,3610,3700,188,1172,0,1172,2748,1172,1576,544,600,3898,12118,40186,21680,18506,15420,928,11086,384,572,43670,496,5088,166,6882,0,942,130246,284644
142,KARNATAKA,2011,3640,3674,170,1272,0,1272,2790,1430,1360,428,798,4246,12272,39668,20452,19216,14530,880,11700,210,462,42590,534,5216,162,7424,24,1500,121010,275200
143,KARNATAKA,2012,3720,3846,142,1242,0,1242,2902,2140,762,422,1072,4414,11584,36836,17772,19064,15004,802,11644,168,832,40700,436,5956,200,7368,64,1752,116936,268042
144,KERALA,2001,944,1230,222,1124,0,1124,366,194,172,352,26,1034,8948,10882,3590,7292,16216,856,5512,478,1536,39658,54,3884,162,5122,0,0,109088,207694
145,KERALA,2002,908,1124,420,998,0,998,324,182,142,274,8,1220,9248,11486,3956,7530,16180,714,5848,270,904,38066,34,4246,204,5672,0,64,110188,208400
146,KERALA,2003,870,896,686,788,0,788,378,204,174,284,38,1268,8818,9782,3336,6446,13596,646,6122,258,826,35392,66,3894,136,5860,0,70,106974,197648
147,KERALA,2004,834,782,946,960,0,960,464,284,180,258,30,1278,9160,10480,3434,7046,12922,672,7510,198,748,41220,62,4520,266,6444,0,84,108212,208050
148,KERALA,2005,776,682,176,956,0,956,452,258,194,220,316,1242,8220,10908,3938,6970,13070,722,6522,158,912,36604,42,4678,350,6566,0,68,115060,208700
149,KERALA,2006,786,694,174,1202,0,1202,588,404,184,258,250,1382,8490,10862,4028,6834,12730,598,6632,136,870,38210,50,5086,444,7416,0,98,113554,210510
150,KERALA,2007,734,804,184,1024,0,1024,510,354,156,242,314,1738,8200,11218,4226,6992,14716,788,8430,108,796,37950,54,5248,524,7998,0,118,115362,217060
151,KERALA,2008,724,868,190,1136,0,1136,506,332,174,182,534,1632,7764,11636,3962,7674,16114,870,7318,92,778,38356,62,5490,516,8276,0,74,118122,221240
152,KERALA,2009,686,816,200,1136,0,1136,512,346,166,224,532,1660,7108,11128,4058,7070,16172,708,6788,132,1006,36548,40,5080,790,8014,0,82,137376,236738
153,KERALA,2010,726,722,172,1268,0,1268,522,368,154,148,442,1272,5364,8760,2972,5788,17448,686,7162,108,748,37064,44,5872,1074,9594,0,94,197336,296626
154,KERALA,2011,730,1042,210,2264,0,2264,598,442,156,142,490,1482,6002,9408,2908,6500,21508,680,10310,112,900,43494,30,7512,1146,10754,0,130,225330,344274
155,KERALA,2012,748,994,214,2038,0,2038,562,428,134,144,578,1450,5420,8156,2524,5632,21876,602,9362,136,1136,42340,64,7470,996,10432,0,96,203164,317978
156,MADHYA PRADESH,2001,4850,5740,250,5702,0,5702,1912,1336,576,332,260,3528,27098,40526,9070,31456,6790,962,2826,38,2028,61790,1218,14126,1502,5124,0,6594,170286,363482
157,MADHYA PRADESH,2002,4790,5728,388,5782,0,5782,1928,1278,650,272,284,3658,26688,41518,9690,31828,6356,1014,2480,108,2106,59910,1348,14236,1566,6234,0,7358,189846,383598
158,MADHYA PRADESH,2003,4454,4826,406,5476,0,5476,1774,1216,558,306,282,3156,25768,40844,10524,30320,5458,1098,2444,76,1736,58716,1296,13696,1410,5876,0,7556,195502,382156
159,MADHYA PRADESH,2004,4758,5126,376,5750,0,5750,1664,1168,496,294,268,3052,24616,45172,12296,32876,4958,1096,2574,72,1786,66570,1502,13380,1608,6872,0,8418,193822,393734
160,MADHYA PRADESH,2005,4810,5024,268,5842,0,5842,1694,1208,486,294,260,3114,22384,41370,12780,28590,5146,1226,2584,102,1634,67606,1478,12852,1584,5978,6,9186,183902,378344
161,MADHYA PRADESH,2006,4618,4740,276,5800,0,5800,1616,1234,382,302,242,3540,21920,43466,15104,28362,4616,1038,3044,76,1630,69418,1528,12486,1524,5978,0,9646,191918,389422
162,MADHYA PRADESH,2007,4488,4846,310,6020,0,6020,1844,1402,442,286,218,3950,22460,44792,17830,26962,5296,1062,3322,76,1818,73286,1484,13544,1560,6588,0,11508,196014,404772
163,MADHYA PRADESH,2008,4644,4564,408,5874,0,5874,1858,1472,386,320,248,4468,22144,49166,21066,28100,5536,1140,2736,94,1796,72688,1610,12890,1516,6370,0,12016,201026,413112
164,MADHYA PRADESH,2009,4772,4424,234,5996,2,5994,2072,1682,390,234,312,4540,21322,46520,21410,25110,4818,1150,3660,54,1482,74264,1716,12614,1456,7966,2,13182,202734,415524
165,MADHYA PRADESH,2010,4846,4554,246,6270,0,6270,2374,2060,314,220,220,3838,19794,43154,22706,20448,5212,1014,3558,66,1496,78386,1784,13292,1836,7512,10,14076,214780,428538
166,MADHYA PRADESH,2011,5022,4680,278,6812,0,6812,2576,2176,400,236,234,3904,20460,44828,23190,21638,4160,1114,3720,24,1568,71422,1622,13330,1524,7464,90,14956,224164,434188
167,MADHYA PRADESH,2012,4746,4664,228,6850,0,6850,2604,2254,350,214,254,3880,20038,46364,24558,21806,3902,1152,4042,62,1628,71098,1486,13310,1548,7976,12,15442,229170,440670
168,MAHARASHTRA,2001,5678,2908,202,2604,0,2604,1970,1222,748,1058,656,4478,30146,79732,17746,61986,13438,3084,8546,530,2416,60424,616,5646,2240,12180,2,17986,85926,342466
169,MAHARASHTRA,2002,5536,2870,186,2704,2,2702,1906,1300,606,1096,542,4272,28942,75212,18244,56968,12720,2936,8290,352,2538,58500,606,5372,1538,10706,0,18814,85286,330924
170,MAHARASHTRA,2003,5544,2824,226,2536,0,2536,1852,1252,600,1028,498,4192,27784,74196,18542,55654,11428,3122,10010,522,2376,58410,736,5322,1364,10904,0,18756,84982,328612
171,MAHARASHTRA,2004,5392,2926,230,2776,0,2776,2090,1574,516,1258,630,4458,29318,87904,22614,65290,11960,3056,10334,436,2298,60244,628,5662,1724,11292,0,19148,88840,352604
172,MAHARASHTRA,2005,5242,3228,196,3090,0,3090,2388,1702,686,1282,614,4822,31230,93702,24378,69324,13558,3440,12782,770,2246,60034,682,6456,1838,12466,0,19216,94772,374054
173,MAHARASHTRA,2006,5312,3360,200,3000,2,2998,2522,1842,680,1326,646,5148,31754,92946,25482,67464,14906,3452,12468,634,2376,58814,774,6958,1968,13476,2,21866,99668,383576
174,MAHARASHTRA,2007,5386,3230,226,2902,0,2902,2624,1934,690,1432,810,5540,31214,95362,27790,67572,15986,3430,12470,540,2534,59244,872,6612,2078,14712,0,23892,100318,391414
175,MAHARASHTRA,2008,5590,3674,222,3116,0,3116,2758,1996,762,1622,548,6062,32008,105720,33800,71920,18776,3760,14592,810,2576,59484,780,7238,2182,15658,0,24944,100366,412486
176,MAHARASHTRA,2009,5306,3760,196,2966,0,2966,2572,1852,720,1560,574,6628,31682,101860,36266,65594,16060,3790,15952,956,2210,56652,682,6392,2198,15362,0,24918,96920,399196
177,MAHARASHTRA,2010,5488,3852,304,3198,0,3198,3016,2248,768,1556,570,7442,33234,105130,37352,67778,16824,3896,17368,778,2458,59392,786,7322,2360,14868,0,27016,99478,416336
178,MAHARASHTRA,2011,5636,4210,288,3402,0,3402,3338,2504,834,1546,582,8498,32626,106898,38540,68358,17112,3766,18196,702,2510,59538,678,7588,2142,14272,0,26048,90228,409804
179,MAHARASHTRA,2012,5424,4336,342,3678,0,3678,3166,2280,886,1586,644,13898,31296,94952,35710,59242,17720,3800,18796,582,2492,56784,658,7870,2588,14830,0,26622,93336,405400
180,MANIPUR,2001,418,336,10,40,0,40,188,124,64,40,34,38,150,434,142,292,262,66,132,40,128,402,0,42,0,10,0,14,2194,4978
181,MANIPUR,2002,330,320,6,28,0,28,314,164,150,6,16,12,88,510,230,280,128,56,144,24,96,756,0,116,0,20,0,50,2148,5168
182,MANIPUR,2003,300,398,12,36,0,36,240,142,98,6,0,12,136,504,248,256,146,32,152,14,94,648,0,88,0,8,0,8,2240,5074
183,MANIPUR,2004,318,454,6,62,0,62,256,142,114,4,4,6,132,488,216,272,230,50,284,8,170,466,0,60,0,4,0,70,1998,5070
184,MANIPUR,2005,512,504,8,50,0,50,212,138,74,8,0,16,124,486,184,302,70,104,244,20,310,590,0,50,0,40,0,10,2468,5826
185,MANIPUR,2006,410,530,8,80,0,80,260,158,102,4,54,16,110,580,210,370,120,80,164,18,218,592,0,84,0,20,0,6,2414,5768
186,MANIPUR,2007,480,754,4,40,0,40,300,166,134,6,292,22,140,908,300,608,140,38,186,8,126,754,0,140,0,30,0,2,2148,6518
187,MANIPUR,2008,374,996,8,76,0,76,352,174,178,2,424,14,152,892,446,446,96,48,322,6,82,602,2,114,0,56,0,4,2076,6698
188,MANIPUR,2009,262,956,4,62,0,62,318,194,124,2,376,6,136,788,566,222,96,40,192,2,162,448,0,78,4,50,0,0,1722,5704
189,MANIPUR,2010,184,516,2,68,0,68,398,214,184,0,392,4,132,834,508,326,130,48,118,14,172,454,0,62,0,36,0,2,1864,5430
190,MANIPUR,2011,156,490,8,106,0,106,338,232,106,2,308,14,104,1438,1106,332,140,84,252,24,198,584,2,76,0,78,0,4,2030,6436
191,MANIPUR,2012,166,818,8,126,0,126,446,266,180,16,342,6,106,1806,1472,334,144,134,272,4,148,570,0,98,2,86,0,4,2172,7474
192,MEGHALAYA,2001,328,94,4,52,0,52,110,22,88,194,6,250,340,542,32,510,16,38,58,6,52,204,0,50,0,8,0,0,1022,3374
193,MEGHALAYA,2002,334,116,6,76,0,76,104,20,84,128,4,218,308,784,102,682,18,18,66,16,46,178,0,46,0,0,0,24,838,3328
194,MEGHALAYA,2003,350,120,34,80,0,80,98,20,78,166,2,266,320,720,216,504,10,24,68,8,32,212,0,26,2,8,0,82,710,3338
195,MEGHALAYA,2004,248,84,14,108,0,108,108,36,72,182,4,162,284,836,276,560,4,50,88,4,30,246,4,68,0,10,0,102,868,3504
196,MEGHALAYA,2005,268,70,4,126,0,126,96,38,58,162,2,190,296,952,232,720,84,36,78,6,140,270,2,88,0,6,0,122,762,3760
197,MEGHALAYA,2006,314,84,16,148,0,148,114,50,64,114,8,130,280,940,270,670,14,32,166,14,56,276,12,114,0,26,0,136,876,3870
198,MEGHALAYA,2007,228,98,16,164,0,164,104,44,60,110,2,112,406,1000,182,818,66,34,328,24,72,248,4,90,2,38,0,136,876,4158
199,MEGHALAYA,2008,252,110,12,176,0,176,112,50,62,126,0,130,336,1338,274,1064,16,64,208,20,56,408,4,108,8,64,0,128,960,4636
200,MEGHALAYA,2009,256,78,24,224,0,224,112,52,60,128,2,134,294,1090,360,730,36,52,226,18,108,414,0,144,2,48,2,144,1360,4896
201,MEGHALAYA,2010,268,120,16,298,0,298,142,74,68,84,2,134,332,1328,304,1024,14,74,196,8,104,308,0,96,0,48,0,106,1332,5010
202,MEGHALAYA,2011,340,102,6,260,0,260,174,74,100,98,0,126,290,1392,380,1012,16,104,332,26,68,394,2,148,2,42,6,180,1402,5510
203,MEGHALAYA,2012,274,126,16,328,0,328,184,48,136,104,2,92,290,1086,304,782,0,88,216,26,122,314,2,86,0,32,0,204,1522,5114
204,MIZORAM,2001,62,30,10,104,0,104,4,2,2,6,0,46,834,1756,34,1722,6,46,142,24,48,188,0,104,0,32,6,46,998,4492
205,MIZORAM,2002,58,52,10,152,0,152,14,4,10,10,0,14,892,1998,60,1938,2,52,170,32,54,224,0,146,0,6,0,26,1728,5640
206,MIZORAM,2003,92,72,6,108,0,108,16,4,12,10,0,42,974,2606,114,2492,6,38,120,24,46,284,0,176,0,6,0,22,2264,6912
207,MIZORAM,2004,70,42,4,40,0,40,30,0,30,20,0,12,500,1220,0,1220,4,60,40,12,44,160,0,132,0,0,0,0,640,3030
208,MIZORAM,2005,48,48,10,74,0,74,26,0,26,6,0,12,884,1554,0,1554,70,22,116,10,40,154,8,98,8,0,0,8,1116,4312
209,MIZORAM,2006,50,38,14,144,0,144,12,2,10,14,0,20,844,1516,120,1396,0,60,156,20,50,144,0,102,0,2,0,52,908,4146
210,MIZORAM,2007,86,42,8,166,0,166,8,0,8,0,0,10,914,1616,128,1488,2,40,132,32,76,170,0,132,0,4,0,68,660,4166
211,MIZORAM,2008,70,20,12,154,0,154,18,2,16,8,0,12,676,1494,54,1440,2,68,114,30,36,236,0,156,0,10,0,106,756,3978
212,MIZORAM,2009,62,28,16,166,2,164,18,0,18,4,0,8,762,1522,154,1368,2,60,122,18,48,240,0,122,2,8,0,72,814,4094
213,MIZORAM,2010,96,54,14,184,0,184,18,0,18,6,0,32,850,1646,138,1508,0,50,158,24,30,232,0,150,0,6,0,88,710,4348
214,MIZORAM,2011,52,48,16,154,0,154,12,0,12,2,0,12,672,1468,78,1390,0,42,132,4,38,194,0,144,2,18,0,74,558,3642
215,MIZORAM,2012,60,42,14,206,0,206,16,6,10,4,0,8,694,1210,48,1162,2,24,84,12,24,206,0,170,0,16,0,68,672,3532
216,NAGALAND,2001,202,78,18,34,0,34,46,12,34,22,0,258,326,516,178,338,4,40,68,4,2,74,0,12,0,0,0,38,726,2468
217,NAGALAND,2002,200,68,10,34,0,34,54,8,46,42,0,220,256,514,162,352,10,20,42,6,12,106,0,2,0,0,0,48,584,2228
218,NAGALAND,2003,182,68,16,28,0,28,76,6,70,38,0,184,190,442,74,368,16,6,22,14,10,96,0,8,4,0,2,82,468,1952
219,NAGALAND,2004,140,66,10,36,0,36,46,8,38,28,0,234,140,510,52,458,12,22,56,0,10,104,0,6,2,0,0,68,478,1968
220,NAGALAND,2005,174,52,16,34,0,34,52,18,34,24,0,160,186,588,194,394,16,34,82,10,8,70,0,14,0,0,0,74,504,2098
221,NAGALAND,2006,246,92,16,46,0,46,62,6,56,32,0,168,140,654,226,428,14,36,74,20,32,100,0,6,4,6,0,56,402,2206
222,NAGALAND,2007,222,100,16,26,0,26,34,12,22,14,0,150,236,720,388,332,30,26,68,16,10,104,0,16,2,0,0,86,484,2360
223,NAGALAND,2008,286,94,26,38,0,38,88,14,74,12,0,174,254,690,364,326,8,32,62,8,28,92,0,30,2,8,0,88,384,2404
224,NAGALAND,2009,92,70,14,44,0,44,104,20,84,16,0,184,164,694,138,556,8,12,66,6,8,76,0,22,0,0,0,68,470,2118
225,NAGALAND,2010,90,70,26,32,0,32,100,12,88,6,0,126,124,794,160,634,4,26,78,6,2,72,0,26,6,2,0,44,484,2118
226,NAGALAND,2011,92,86,22,46,0,46,68,6,62,14,0,118,146,720,170,550,2,32,62,10,4,110,0,18,0,2,0,30,584,2166
227,NAGALAND,2012,150,84,12,42,0,42,54,20,34,2,0,108,130,762,130,632,6,44,78,8,14,60,0,32,0,0,0,62,532,2180
228,ODISHA,2001,1974,2302,106,1580,0,1580,1044,868,176,398,44,1916,6186,11244,1634,9610,2852,570,1362,20,846,8734,588,3310,916,2532,0,3178,41620,93322
229,ODISHA,2002,2150,2744,116,1382,0,1382,1046,864,182,492,60,1890,5768,10536,2056,8480,3196,492,1586,24,810,9894,496,3210,376,2334,0,5344,41510,95456
230,ODISHA,2003,2088,2428,376,1450,0,1450,954,746,208,356,60,1750,5922,10718,2152,8566,2816,508,1874,22,674,9518,558,3338,376,2578,0,4994,41204,94562
231,ODISHA,2004,2132,2394,50,1540,0,1540,1052,846,206,476,0,1904,5984,11934,2802,9132,2866,542,1610,28,686,9876,638,3622,340,2384,0,5304,42116,97478
232,ODISHA,2005,2158,2558,96,1598,0,1598,1282,1094,188,368,100,1996,6058,13486,3252,10234,3030,602,2080,62,772,11838,668,4476,368,3342,0,6068,40364,103370
233,ODISHA,2006,2318,1504,72,1970,0,1970,1408,1154,254,478,152,2368,6240,13134,3142,9992,3070,626,2728,32,742,12452,914,4830,494,1388,24,5890,42750,105584
234,ODISHA,2007,2420,2210,44,1878,0,1878,1602,1320,282,494,84,2546,6146,13660,3466,10194,3966,638,2526,60,822,14956,922,5550,482,1456,0,7542,39740,109744
235,ODISHA,2008,2500,2830,168,2226,0,2226,1816,1524,292,610,134,2690,6200,14838,3950,10888,5442,684,2488,52,1738,14026,802,5564,564,3236,0,7070,37832,113510
236,ODISHA,2009,2500,2462,96,2046,0,2046,1860,1598,262,760,126,2976,5874,14272,5042,9230,3436,516,2274,68,826,13632,768,5394,420,4094,2,5958,41120,111480
237,ODISHA,2010,2616,2872,62,2050,0,2050,2032,1824,208,692,234,2982,5710,15144,5254,9890,3558,644,2216,58,860,14362,776,5810,464,4134,10,6900,38732,112918
238,ODISHA,2011,2954,3242,102,2224,0,2224,2278,2016,262,834,168,3166,6062,17448,5972,11476,3112,500,2782,20,846,15788,930,6414,470,4640,0,7556,41018,122554
239,ODISHA,2012,3096,3758,108,2916,0,2916,3084,2728,356,804,198,3226,6860,19260,6420,12840,4410,634,3214,38,938,16446,1050,8374,608,5276,0,7210,44406,135914
240,PUNJAB,2001,1476,1578,160,596,0,596,1026,648,378,90,168,262,3804,6046,2408,3638,2,736,5242,116,126,7992,318,744,94,2256,0,4308,18408,55548
241,PUNJAB,2002,1466,1456,158,598,0,598,1102,708,394,100,166,220,3856,5926,2534,3392,4,746,5432,78,136,8906,332,682,290,1888,0,4620,19426,57588
242,PUNJAB,2003,1462,1288,178,760,0,760,928,590,338,60,234,216,4188,6396,2750,3646,0,686,6246,112,142,8248,220,692,398,1974,0,4452,18632,57512
243,PUNJAB,2004,1550,1432,296,780,0,780,926,622,304,34,158,172,3532,5174,2264,2910,32,626,5458,120,104,8804,226,522,76,1602,0,4362,15274,51260
244,PUNJAB,2005,1426,1446,432,796,0,796,956,658,298,54,206,170,3866,5848,2302,3546,2,612,5868,146,110,8534,198,616,86,1458,0,4566,16876,54272
245,PUNJAB,2006,1634,1796,330,884,0,884,1182,836,346,70,180,284,4554,7892,3122,4770,6,562,6786,132,136,10208,260,628,120,1602,4,5838,19048,64136
246,PUNJAB,2007,1520,1786,340,1038,0,1038,1520,1090,430,74,184,276,5232,10346,4168,6178,2,658,7162,136,192,11326,266,854,96,1942,0,5602,21034,71586
247,PUNJAB,2008,1538,1912,292,1034,0,1034,1436,1028,408,80,244,334,5242,11126,4364,6762,2,472,6384,156,150,11194,256,776,98,1968,0,5690,20244,70628
248,PUNJAB,2009,1706,2028,258,1022,0,1022,1384,1026,358,76,192,342,5014,11248,5426,5822,16,468,6196,126,202,10996,252,638,66,2122,0,6578,20160,71090
249,PUNJAB,2010,1814,1988,240,1092,0,1092,1578,1152,426,130,286,482,5322,10892,4934,5958,0,486,7054,150,202,9746,242,698,76,2326,0,6700,21792,73296
250,PUNJAB,2011,1684,1994,224,958,0,958,1362,1034,328,56,286,472,4976,9568,4214,5354,0,562,7142,116,166,9514,286,564,62,2272,0,7152,20350,69766
251,PUNJAB,2012,1710,2090,208,1360,2,1358,1838,1378,460,96,368,426,5656,10544,4022,6522,2,578,6902,98,148,8372,236,680,62,2586,0,6810,20810,71580
252,RAJASTHAN,2001,2518,3846,126,2098,0,2098,5436,4330,1106,120,80,1778,14568,33878,8648,25230,22428,2052,13288,178,2184,54970,752,5756,112,11064,2,8442,124694,310370
253,RAJASTHAN,2002,2552,4086,136,2102,0,2102,5174,4038,1136,94,66,1468,13322,32626,9412,23214,14356,1876,14572,126,2260,53038,798,5460,88,11382,0,9340,127574,302496
254,RAJASTHAN,2003,2524,3954,122,2100,0,2100,4476,3500,976,72,82,1310,12144,32912,10982,21930,8104,1804,14450,116,1568,52346,778,5430,66,11466,2,10148,125184,291158
255,RAJASTHAN,2004,2558,4060,118,2076,0,2076,4768,3762,1006,116,92,1346,11822,37684,13296,24388,6202,1770,16666,130,1670,51894,758,5650,82,13562,2,11158,135534,309718
256,RAJASTHAN,2005,2442,3840,118,1986,0,1986,3986,3098,888,82,158,1180,10454,35796,13446,22350,4580,1226,16682,176,1296,45212,722,5006,56,11994,0,11744,123098,281834
257,RAJASTHAN,2006,2418,3388,158,2170,0,2170,3940,3106,834,74,194,1262,10170,35778,14552,21226,3534,1388,20382,112,1102,42592,788,5164,62,14076,6,12468,122758,283984
258,RAJASTHAN,2007,2606,3544,128,2476,0,2476,4354,3388,966,142,162,1556,10328,38690,16516,22174,3252,1650,23838,112,1350,39440,878,4954,56,16340,0,14192,127692,297740
259,RAJASTHAN,2008,2594,3298,108,2710,0,2710,4716,3726,990,128,154,1658,9472,40822,19714,21108,2780,1474,24194,102,1230,42234,878,5040,38,16226,0,14644,127848,302348
260,RAJASTHAN,2009,2790,3346,160,3038,0,3038,5740,4620,1120,106,114,1772,10588,44288,24312,19976,2290,1684,30074,118,1112,43304,872,4970,48,20742,0,15796,140178,333130
261,RAJASTHAN,2010,2842,3114,208,3142,0,3142,5970,4954,1016,74,168,1744,9428,44648,26490,18158,1972,1578,33168,72,956,38494,924,4678,46,22290,0,15956,134442,325914
262,RAJASTHAN,2011,2922,3132,200,3600,0,3600,6408,5426,982,56,144,1454,9020,42198,25132,17066,1502,1482,34994,112,946,35954,1028,4894,18,24436,0,16244,140500,331244
263,RAJASTHAN,2012,2922,3076,196,4098,0,4098,6486,5394,1092,62,148,1614,9220,46628,28214,18414,1146,1364,39292,98,950,35228,956,4704,36,26624,0,16568,140480,341896
264,SIKKIM,2001,38,22,14,16,0,16,12,4,8,0,0,6,152,148,12,136,6,2,26,0,2,70,0,0,28,0,0,14,332,888
265,SIKKIM,2002,26,10,4,12,0,12,18,4,14,0,0,10,132,128,10,118,30,6,96,0,4,100,0,34,0,6,0,14,340,970
266,SIKKIM,2003,28,14,6,20,0,20,0,0,0,4,0,6,96,130,6,124,20,14,24,6,4,112,0,50,0,2,0,36,314,886
267,SIKKIM,2004,32,16,6,6,0,6,10,8,2,0,0,10,128,146,12,134,152,8,44,2,14,156,0,80,0,2,0,58,392,1262
268,SIKKIM,2005,16,32,4,36,0,36,6,4,2,4,0,8,170,162,10,152,38,8,88,4,6,198,0,76,0,8,0,106,134,1104
269,SIKKIM,2006,42,32,4,40,0,40,16,14,2,0,0,18,168,226,16,210,24,20,74,2,2,192,0,28,0,12,0,78,428,1406
270,SIKKIM,2007,18,28,6,48,0,48,18,18,0,0,0,12,166,236,22,214,30,14,68,6,2,190,0,26,0,14,0,68,384,1334
271,SIKKIM,2008,18,14,6,40,0,40,8,8,0,2,0,14,162,254,18,236,34,12,92,0,46,200,0,38,0,10,0,80,430,1460
272,SIKKIM,2009,38,14,6,36,0,36,12,12,0,0,0,8,186,124,16,108,78,8,24,4,18,182,0,20,0,12,0,118,450,1338
273,SIKKIM,2010,34,12,4,36,0,36,12,12,0,2,0,14,144,106,16,90,8,2,40,6,14,146,2,22,0,6,0,94,400,1104
274,SIKKIM,2011,28,14,16,32,0,32,20,20,0,0,0,10,120,144,16,128,50,8,62,6,8,150,0,48,0,8,0,114,354,1192
275,SIKKIM,2012,14,14,0,68,0,68,20,20,0,0,0,12,130,234,34,200,44,6,62,2,40,182,2,38,0,8,0,64,116,1056
276,TAMIL NADU,2001,3324,4408,38,846,0,846,1904,1214,690,316,12,1344,11930,33418,8956,24462,10392,720,4278,208,1960,56858,382,3546,2024,1630,28,17100,152936,309602
277,TAMIL NADU,2002,3446,4266,72,1068,0,1068,2002,1428,574,352,50,1306,11066,37510,9342,28168,8504,576,4034,242,1700,50300,486,3754,3436,2104,0,20250,177360,333884
278,TAMIL NADU,2003,3182,3686,56,1114,2,1112,1758,1264,494,190,86,1028,9698,36426,9162,27264,7412,614,3808,126,1582,60456,440,4044,1762,3110,2,18224,155568,314372
279,TAMIL NADU,2004,2958,3544,52,1236,0,1236,1740,1384,356,144,108,928,8294,35060,7992,27068,6866,536,4242,80,1324,61710,450,3722,2162,2874,0,18304,176878,333212
280,TAMIL NADU,2005,2880,3518,56,1142,2,1140,2058,1566,492,146,0,874,7476,31702,7166,24536,5102,478,5388,80,990,63450,430,3528,1330,3300,0,17804,172988,324720
281,TAMIL NADU,2006,2726,3198,40,914,0,914,1812,1436,376,190,8,900,6600,27302,5754,21548,3676,388,4232,126,920,28134,374,2358,1704,2496,0,21584,188262,297944
282,TAMIL NADU,2007,3266,4156,56,1046,0,1046,2540,2194,346,176,66,990,7434,26434,5802,20632,4750,522,5020,148,1306,33934,416,3080,1750,3952,0,22970,221496,345508
283,TAMIL NADU,2008,3518,4654,56,1146,0,1146,2750,2320,430,200,132,1324,7698,30038,7444,22594,5622,462,4698,1198,1220,41058,414,3410,1948,3296,0,24656,214168,353666
284,TAMIL NADU,2009,3552,4650,52,1192,0,1192,2744,2266,478,194,68,2288,8442,31424,9946,21478,4794,430,5114,704,1160,36294,388,2484,1002,2920,0,27056,212430,349382
285,TAMIL NADU,2010,3750,5282,64,1372,0,1372,3440,2928,512,170,24,3634,9430,29166,10090,19076,5328,354,6518,624,1272,42618,330,2810,1276,3140,0,29288,221466,371356
286,TAMIL NADU,2011,3754,5924,56,1354,0,1354,3968,3486,482,202,22,4132,9696,27848,9822,18026,6018,476,7744,550,1412,42334,304,2934,928,3624,0,32152,230326,385758
287,TAMIL NADU,2012,3898,5908,88,1474,0,1474,3890,3386,504,194,38,3796,8914,23992,7830,16162,6272,524,8302,754,1452,44200,220,2988,764,3930,0,30998,248352,400948
288,TRIPURA,2001,480,50,0,204,0,204,186,70,116,52,0,126,396,518,12,506,276,8,34,12,62,824,32,116,0,454,0,62,1710,5602
289,TRIPURA,2002,402,76,2,216,0,216,256,96,160,58,0,112,384,540,102,438,360,24,40,14,80,1036,32,256,0,472,0,92,1698,6150
290,TRIPURA,2003,508,174,0,228,0,228,292,58,234,72,0,138,334,552,20,532,548,6,50,6,166,1068,40,254,0,494,0,218,1880,7028
291,TRIPURA,2004,378,72,0,320,0,320,198,108,90,54,4,92,332,520,98,422,296,34,68,24,48,904,40,268,0,604,0,170,1736,6162
292,TRIPURA,2005,242,112,2,324,0,324,170,86,84,44,0,122,340,650,124,526,296,64,118,32,70,858,68,322,2,878,0,376,1622,6712
293,TRIPURA,2006,308,104,2,378,0,378,210,124,86,36,2,142,364,784,62,722,308,46,168,24,70,928,70,414,0,942,0,398,2182,7880
294,TRIPURA,2007,276,116,4,314,0,314,226,162,64,28,4,128,386,822,110,712,284,84,170,20,46,1092,72,488,8,1090,0,406,2482,8546
295,TRIPURA,2008,310,106,4,408,0,408,292,220,72,26,6,190,436,998,86,912,394,84,184,46,94,1848,32,692,8,1470,0,390,2654,10672
296,TRIPURA,2009,266,118,4,380,0,380,242,184,58,14,0,154,462,830,78,752,356,104,220,40,124,2094,58,768,10,1630,0,450,2648,10972
297,TRIPURA,2010,300,126,16,476,0,476,228,182,46,32,4,130,442,914,128,786,326,106,244,12,102,2272,50,752,18,1874,0,474,2712,11610
298,TRIPURA,2011,326,150,0,410,0,410,308,232,76,22,0,100,454,988,118,870,350,108,198,18,116,2680,60,588,18,1404,0,28,3280,11606
299,TRIPURA,2012,248,158,4,458,0,458,278,228,50,14,0,120,478,1130,280,850,256,94,210,18,118,3008,74,628,14,1716,0,20,3484,12528
300,UTTAR PRADESH,2001,15202,15928,2372,3916,0,3916,8660,5758,2902,1810,76,7650,16822,54022,12378,41644,14686,6860,10726,294,1624,35632,4422,5740,5150,14730,0,14258,115678,356258
301,UTTAR PRADESH,2002,13650,12566,2486,2830,2,2828,6860,4596,2264,1104,118,5680,12252,44838,12706,32132,9756,5476,10052,254,1286,27894,3786,4290,3774,11358,0,14626,97138,292074
302,UTTAR PRADESH,2003,10568,7586,3050,1822,0,1822,4416,2998,1418,634,392,3976,8032,31502,11210,20292,4502,3492,5822,452,594,15520,2644,2196,9940,5252,0,8856,58898,190146
303,UTTAR PRADESH,2004,12252,11160,2872,2794,0,2794,6674,4648,2026,756,196,5212,10598,45048,16904,28144,7830,4754,8368,376,762,22530,3416,3800,5364,9900,6,14272,81422,260362
304,UTTAR PRADESH,2005,11422,11274,3040,2434,0,2434,5910,4512,1398,572,178,4098,9112,41390,17294,24096,7852,5048,9112,522,796,20758,3128,3670,5762,9010,0,14812,74316,244216
305,UTTAR PRADESH,2006,10960,9994,3086,2628,0,2628,6636,5102,1534,436,172,4048,9154,40894,19242,21652,7548,5018,10284,556,598,20824,3596,4192,5428,10408,0,14470,83072,254002
306,UTTAR PRADESH,2007,10000,8848,3232,3296,0,3296,8956,6726,2230,874,164,4338,10114,45632,21718,23914,8990,7278,16798,674,536,21388,4152,5044,5764,15300,0,15310,103828,300516
307,UTTAR PRADESH,2008,9128,8466,2986,3742,0,3742,10856,8878,1978,626,152,4194,10836,51892,24128,27764,8762,8592,18654,840,456,23366,4474,5910,6748,16624,0,20204,120484,337992
308,UTTAR PRADESH,2009,9068,8282,2878,3518,0,3518,12166,10156,2010,730,118,4570,10520,58452,32218,26234,8526,7834,17690,678,508,21868,4464,5564,5048,17132,0,24318,121836,345768
309,UTTAR PRADESH,2010,8802,8008,2802,3126,2,3124,12642,10936,1706,674,96,5154,9830,62306,36432,25874,8372,7634,19106,852,340,20672,4434,5586,22,15956,0,28944,123000,348358
310,UTTAR PRADESH,2011,9902,9306,2908,4084,0,4084,17000,15050,1950,758,78,6296,11530,73366,42726,30640,10044,7442,19882,540,954,24468,4644,6910,6,14242,0,28760,137150,390270
311,UTTAR PRADESH,2012,9932,9622,2820,3926,0,3926,17756,15820,1936,644,136,6318,12374,74752,45546,29206,11352,7276,21426,410,654,24580,4488,6494,16,15322,0,28812,137076,396186
312,UTTARAKHAND,2001,632,558,76,148,0,148,366,252,114,64,6,382,1066,2838,748,2090,880,342,636,8,60,1660,112,206,168,602,0,882,4454,16146
313,UTTARAKHAND,2002,584,498,94,178,0,178,396,310,86,64,12,354,1108,2730,748,1982,684,290,624,16,80,1520,132,290,194,632,2,880,4590,15952
314,UTTARAKHAND,2003,536,472,62,214,0,214,342,268,74,52,6,320,1114,2736,800,1936,784,276,758,16,66,1374,186,272,196,634,0,724,4706,15846
315,UTTARAKHAND,2004,524,494,58,230,0,230,426,254,172,74,2,330,1132,3194,1000,2194,888,314,744,26,56,1730,164,286,220,810,0,928,4638,17268
316,UTTARAKHAND,2005,558,404,60,266,0,266,406,250,156,96,0,318,1042,3260,1066,2194,866,288,792,44,48,1490,126,200,178,544,0,924,4156,16066
317,UTTARAKHAND,2006,548,430,80,294,0,294,424,366,58,62,4,314,940,3392,1050,2342,978,190,1028,28,78,1708,160,306,226,716,0,1048,3870,16824
318,UTTARAKHAND,2007,536,456,100,234,0,234,506,454,52,92,12,346,1096,3186,1130,2056,918,326,1394,78,74,1772,140,292,126,926,0,1216,5372,19198
319,UTTARAKHAND,2008,446,434,80,174,0,174,494,444,50,32,4,288,846,3244,1452,1792,1018,342,926,62,30,1874,146,240,612,680,0,1180,4560,17712
320,UTTARAKHAND,2009,390,370,102,222,0,222,550,494,56,70,14,358,726,3202,1470,1732,932,312,1088,86,34,2396,188,238,498,722,0,1370,3736,17604
321,UTTARAKHAND,2010,352,438,120,242,0,242,572,498,74,24,4,324,620,4276,1742,2534,916,334,1134,66,34,1948,150,250,330,668,0,1476,4202,18480
322,UTTARAKHAND,2011,356,378,108,258,0,258,628,566,62,26,2,358,684,4186,1680,2506,802,230,1038,52,34,1704,166,232,144,614,0,1392,4156,17548
323,UTTARAKHAND,2012,434,322,88,296,0,296,594,512,82,58,6,288,782,3826,1898,1928,738,274,1058,44,34,2044,142,278,146,736,0,1340,4236,17764
324,WEST BENGAL,2001,3188,898,1162,1418,0,1418,1750,1390,360,548,842,1320,852,28490,5124,23366,6190,972,2432,204,204,7316,530,1908,96,7718,6,4562,50520,123126
325,WEST BENGAL,2002,2888,826,1080,1518,0,1518,1662,1388,274,408,1292,1088,696,24898,4916,19982,4922,902,2630,196,228,6224,546,1928,68,8138,2,5406,50378,117924
326,WEST BENGAL,2003,2850,800,968,2004,0,2004,1804,1602,202,434,1766,1196,684,25226,5162,20064,5192,756,3068,306,174,8344,658,2372,142,9896,2,4600,49106,122348
327,WEST BENGAL,2004,2850,780,936,2950,0,2950,2400,2036,364,424,1886,1070,1094,28930,5336,23594,5382,850,3372,250,206,7734,792,3132,128,12668,24,5990,54852,138700
328,WEST BENGAL,2005,2906,868,816,3372,0,3372,2414,2078,336,422,2442,852,1478,24248,4870,19378,5270,1056,3520,214,184,8250,892,3144,108,13872,122,5474,50888,132812
329,WEST BENGAL,2006,2850,1344,802,3462,0,3462,2710,2398,312,354,2526,852,1202,25064,5428,19636,4770,1038,3894,270,222,12598,890,3674,126,14828,2,6078,46548,136104
330,WEST BENGAL,2007,3304,1754,788,4212,0,4212,3600,3180,420,292,2300,854,798,27494,4842,22652,7454,1344,4812,254,242,13818,902,4562,198,19800,10,7606,55806,162204
331,WEST BENGAL,2008,3622,3464,976,4526,0,4526,4664,3814,850,368,2110,1226,924,34668,5186,29482,10850,1752,5876,296,300,18066,902,4792,188,27326,10,7578,76354,210838
332,WEST BENGAL,2009,4136,4238,1862,4672,0,4672,5500,4374,1126,428,1448,1502,658,34266,7418,26848,13400,1836,6596,306,688,22392,1012,3884,216,32224,10,7246,77552,226072
333,WEST BENGAL,2010,4796,4222,1260,4622,0,4622,6690,5528,1162,576,1374,1596,776,38778,8246,30532,13618,2022,6520,428,662,25528,1014,4930,326,35592,16,5694,98192,259232
334,WEST BENGAL,2011,4218,4484,972,4726,0,4726,8570,7422,1148,472,1878,1520,910,42892,9284,33608,12038,2528,8342,414,826,26188,1020,4726,400,39544,0,6498,113228,286394
335,WEST BENGAL,2012,4504,5708,1044,4092,0,4092,10234,8336,1898,558,1750,1632,928,45982,10316,35666,13222,2782,10600,704,792,31846,1186,6690,1112,39730,24,8770,128964,322854
336,A & N ISLANDS,2001,26,0,0,6,0,6,4,4,0,0,0,8,128,130,8,122,26,20,16,4,8,236,0,38,2,18,0,0,646,1316
337,A & N ISLANDS,2002,34,6,2,4,0,4,4,2,2,2,0,14,98,98,4,94,22,8,22,0,4,194,0,34,6,8,0,0,656,1216
338,A & N ISLANDS,2003,42,8,2,4,0,4,4,4,0,4,0,14,112,120,6,114,38,6,26,0,16,220,0,18,4,14,0,0,636,1288
339,A & N ISLANDS,2004,30,2,4,20,0,20,6,6,0,0,0,6,138,206,18,188,18,0,24,0,18,210,0,12,6,10,0,12,774,1496
340,A & N ISLANDS,2005,28,6,6,8,0,8,4,2,2,0,0,8,136,184,12,172,8,16,26,0,12,158,0,22,2,10,0,6,724,1364
341,A & N ISLANDS,2006,8,8,2,12,0,12,10,10,0,0,0,10,164,202,12,190,20,6,30,8,18,156,0,28,8,14,0,4,644,1352
342,A & N ISLANDS,2007,30,38,2,6,0,6,24,18,6,10,0,18,180,224,16,208,34,14,46,2,22,198,2,42,4,36,0,8,674,1614
343,A & N ISLANDS,2008,16,22,4,24,0,24,34,26,8,0,0,28,156,256,22,234,32,24,38,2,30,214,4,48,6,52,0,8,766,1764
344,A & N ISLANDS,2009,30,8,8,36,0,36,32,28,4,0,0,22,172,268,20,248,22,14,40,4,24,178,2,60,14,42,0,4,902,1882
345,A & N ISLANDS,2010,18,14,8,48,0,48,20,16,4,2,0,14,160,242,44,198,22,20,112,0,24,160,0,62,20,18,0,18,978,1960
346,A & N ISLANDS,2011,28,12,4,26,0,26,30,24,6,2,0,2,198,176,8,168,22,6,64,0,12,162,0,30,6,10,0,12,784,1586
347,A & N ISLANDS,2012,30,6,0,24,0,24,16,14,2,10,0,4,142,142,0,142,16,10,62,2,8,124,4,34,8,10,0,12,702,1366
348,CHANDIGARH,2001,30,20,12,36,0,36,112,100,12,10,0,44,728,3058,988,2070,182,52,310,4,10,190,6,48,30,72,0,12,1828,6794
349,CHANDIGARH,2002,62,70,14,36,0,36,108,94,14,2,2,52,672,3294,1234,2060,156,70,362,10,10,214,2,72,56,112,0,14,2222,7612
350,CHANDIGARH,2003,42,30,4,36,0,36,64,56,8,6,2,24,408,2476,1104,1372,92,64,418,4,8,142,2,22,8,186,0,16,1558,5612
351,CHANDIGARH,2004,44,38,20,38,0,38,108,86,22,0,4,12,372,2918,1306,1612,86,46,270,8,0,130,12,40,36,146,0,10,1440,5778
352,CHANDIGARH,2005,36,30,8,66,0,66,108,90,18,0,4,24,446,2746,1158,1588,86,82,322,0,2,114,6,62,18,150,0,18,1938,6266
353,CHANDIGARH,2006,24,42,16,38,0,38,130,114,16,2,6,68,378,2468,1058,1410,88,118,464,6,10,110,20,40,26,204,0,28,1966,6252
354,CHANDIGARH,2007,38,52,16,44,0,44,104,92,12,4,0,74,382,3480,1706,1774,158,76,340,4,18,156,2,64,22,224,0,30,1998,7286
355,CHANDIGARH,2008,34,56,12,40,0,40,100,84,16,2,8,46,514,3982,2188,1794,170,74,426,0,4,146,6,38,4,98,0,22,2080,7862
356,CHANDIGARH,2009,44,36,16,58,0,58,80,72,8,8,6,54,482,3462,2234,1228,132,76,386,8,8,126,4,52,4,102,0,14,1952,7110
357,CHANDIGARH,2010,42,60,18,62,0,62,76,56,20,10,12,134,472,2962,1796,1166,130,46,326,6,18,130,10,58,8,82,0,12,2072,6746
358,CHANDIGARH,2011,48,80,12,54,0,54,116,92,24,12,4,136,570,3004,1830,1174,132,50,510,0,18,90,4,42,24,92,0,14,2072,7084
359,CHANDIGARH,2012,42,88,10,54,0,54,174,132,42,6,18,126,470,3098,1788,1310,98,68,468,4,18,84,10,90,50,146,0,6,2084,7212
360,D & N HAVELI,2001,6,4,0,12,0,12,8,4,4,0,0,4,68,90,30,60,8,26,24,2,2,58,0,14,0,8,0,0,366,700
361,D & N HAVELI,2002,22,4,0,8,0,8,18,10,8,6,0,2,76,150,76,74,10,24,20,0,4,58,0,6,0,6,0,0,284,698
362,D & N HAVELI,2003,22,10,0,2,0,2,14,8,6,8,0,12,82,122,30,92,34,16,26,4,8,44,0,8,0,4,0,2,258,676
363,D & N HAVELI,2004,22,8,0,14,0,14,24,14,10,6,0,4,40,106,40,66,34,24,44,0,4,70,0,10,0,6,0,16,386,818
364,D & N HAVELI,2005,14,10,0,10,0,10,26,18,8,6,0,4,50,148,34,114,36,24,20,8,2,66,0,10,0,10,0,34,390,868
365,D & N HAVELI,2006,18,0,2,12,0,12,36,28,8,10,0,10,82,122,26,96,16,60,20,2,10,70,2,10,2,10,0,32,344,870
366,D & N HAVELI,2007,20,4,0,14,0,14,18,12,6,2,0,6,56,174,38,136,78,34,20,2,20,50,0,0,0,6,0,24,322,850
367,D & N HAVELI,2008,18,4,0,12,0,12,34,22,12,2,0,0,98,108,36,72,48,20,48,2,12,52,0,8,0,8,0,20,308,802
368,D & N HAVELI,2009,20,10,2,8,0,8,24,18,6,18,0,4,86,126,42,84,106,34,40,2,10,46,0,4,2,6,0,34,302,884
369,D & N HAVELI,2010,12,0,2,6,0,6,36,20,16,4,0,6,50,126,68,58,88,24,36,2,4,22,0,22,4,6,0,40,266,756
370,D & N HAVELI,2011,28,4,0,8,0,8,18,16,2,14,0,4,44,138,86,52,40,20,36,4,10,50,0,4,0,6,0,48,268,744
371,D & N HAVELI,2012,14,4,0,6,0,6,26,18,8,4,0,4,44,136,72,64,22,20,8,0,24,50,0,4,0,0,0,46,224,636
372,DAMAN & DIU,2001,14,10,0,0,0,0,10,6,4,0,0,0,86,80,40,40,46,10,18,2,6,42,0,0,0,8,0,0,146,478
373,DAMAN & DIU,2002,16,6,0,0,0,0,6,4,2,4,0,2,112,112,70,42,32,10,20,0,4,36,0,0,0,6,0,0,156,522
374,DAMAN & DIU,2003,12,6,0,10,0,10,2,2,0,8,0,2,82,92,50,42,62,16,16,12,2,28,2,6,0,0,0,12,168,538
375,DAMAN & DIU,2004,6,2,0,2,0,2,4,0,4,0,0,2,70,54,24,30,38,8,10,0,4,34,0,2,0,8,0,50,102,396
376,DAMAN & DIU,2005,10,4,0,4,0,4,8,4,4,8,0,0,74,100,54,46,38,12,6,14,2,32,2,2,0,6,0,48,116,486
377,DAMAN & DIU,2006,12,6,0,6,0,6,6,2,4,16,0,2,120,126,66,60,48,18,6,8,10,36,0,4,0,4,0,52,96,576
378,DAMAN & DIU,2007,24,14,0,2,0,2,2,2,0,6,2,4,92,86,56,30,62,10,12,12,6,40,2,0,0,6,0,64,74,520
379,DAMAN & DIU,2008,4,4,0,0,0,0,8,2,6,4,0,8,90,98,62,36,70,8,4,2,6,24,0,4,2,10,0,78,72,496
380,DAMAN & DIU,2009,10,8,2,2,0,2,0,0,0,0,0,8,66,82,54,28,58,16,8,6,6,28,0,8,2,6,0,80,156,552
381,DAMAN & DIU,2010,10,4,2,2,0,2,4,4,0,12,0,0,54,94,58,36,22,8,10,0,0,24,0,4,0,6,0,76,74,406
382,DAMAN & DIU,2011,12,2,0,2,0,2,6,4,2,8,0,12,62,94,66,28,38,6,20,4,0,22,0,0,0,4,0,86,70,448
383,DAMAN & DIU,2012,6,10,0,10,0,10,6,0,6,2,0,6,52,110,84,26,18,12,16,0,22,34,0,0,0,6,0,76,92,478
384,DELHI UT,2001,1094,1020,126,762,0,762,3254,1928,1326,96,148,1248,6058,38552,15788,22764,330,958,4366,84,100,4022,226,1004,180,276,0,864,44000,108768
385,DELHI UT,2002,1062,880,136,806,0,806,2646,1786,860,94,134,1004,4720,33250,14868,18382,278,888,4196,92,114,3702,270,892,256,270,0,832,41752,98274
386,DELHI UT,2003,970,814,130,980,0,980,2312,1594,718,56,214,882,3796,31088,14890,16198,160,862,4158,86,120,3416,260,978,210,2422,0,804,40090,94808
387,DELHI UT,2004,962,1038,160,1102,0,1102,2418,1762,656,60,270,922,3750,37988,17746,20242,134,890,4644,88,76,3560,252,1202,260,2508,0,866,44096,107246
388,DELHI UT,2005,910,934,128,1316,0,1316,3180,2212,968,54,314,1020,4186,35910,17724,18186,122,788,4756,72,94,3628,228,1524,450,2648,2,1268,48598,112130
389,DELHI UT,2006,952,1020,150,1246,0,1246,2884,2132,752,28,400,1082,3900,34996,18732,16264,174,884,4626,84,66,3636,274,1436,288,3456,0,734,53610,115926
390,DELHI UT,2007,990,1060,188,1196,0,1196,3376,2334,1042,68,458,1114,4110,34074,17748,16326,174,902,4672,82,62,3472,276,1736,334,3574,0,504,49708,112130
391,DELHI UT,2008,1108,778,132,932,0,932,3134,2272,862,48,268,1082,3852,37734,22040,15694,142,710,2986,82,82,3872,258,1222,260,2774,0,1452,35792,98700
392,DELHI UT,2009,1104,738,168,938,0,938,5072,3310,1762,72,138,1030,3466,43462,26448,17014,114,666,4000,94,68,3876,282,1104,236,2566,0,1692,29616,100502
393,DELHI UT,2010,1130,622,142,1014,0,1014,6416,3480,2936,64,62,1198,3004,46176,29932,16244,106,546,3690,66,104,3850,286,1202,160,2808,0,1828,28110,102584
394,DELHI UT,2011,1086,772,142,1144,0,1144,7534,4170,3364,66,50,1124,2838,45798,29336,16462,100,674,5180,88,84,3892,284,1314,324,3150,0,2336,28726,106706
395,DELHI UT,2012,1042,878,164,1412,0,1412,7940,4320,3620,56,26,1216,3430,44064,28782,15282,158,682,4982,122,158,3494,268,1454,416,3970,0,1826,30816,108574
396,LAKSHADWEEP,2001,2,0,0,0,0,0,0,0,0,0,0,0,2,20,0,20,2,2,0,0,4,6,0,0,0,0,0,0,34,72
397,LAKSHADWEEP,2002,0,0,0,2,0,2,0,0,0,0,0,0,18,24,0,24,36,0,0,0,4,10,0,2,0,0,0,0,10,106
398,LAKSHADWEEP,2003,0,0,0,4,0,4,0,0,0,0,0,0,12,16,2,14,8,0,0,0,4,2,0,2,0,2,0,0,12,62
399,LAKSHADWEEP,2004,0,0,0,0,0,0,0,0,0,0,0,0,4,10,0,10,74,0,0,2,0,12,0,0,0,2,0,0,36,140
400,LAKSHADWEEP,2005,2,0,0,0,0,0,0,0,0,0,0,0,4,14,0,14,12,0,0,0,0,8,0,0,0,0,0,0,44,84
401,LAKSHADWEEP,2006,0,4,0,0,0,0,0,0,0,0,0,0,4,34,2,32,24,0,0,0,8,10,0,0,0,2,0,0,74,160
402,LAKSHADWEEP,2007,0,4,0,2,0,2,0,0,0,0,0,0,4,40,4,36,2,0,0,0,0,0,0,4,0,4,0,0,52,112
403,LAKSHADWEEP,2008,2,0,0,4,0,4,2,2,0,0,0,0,6,16,2,14,24,0,0,0,4,24,0,0,0,2,0,0,106,190
404,LAKSHADWEEP,2009,0,2,0,2,0,2,0,0,0,6,0,0,2,20,10,10,88,0,0,0,4,28,0,0,0,0,0,0,116,268
405,LAKSHADWEEP,2010,0,0,0,0,0,0,0,0,0,0,0,0,10,10,0,10,6,0,0,0,4,2,0,0,0,0,0,0,52,84
406,LAKSHADWEEP,2011,0,2,0,0,0,0,0,0,0,0,0,0,0,8,0,8,10,2,0,0,6,6,0,0,0,0,0,0,54,88
407,LAKSHADWEEP,2012,0,0,0,0,0,0,0,0,0,0,0,0,6,14,2,12,20,0,0,0,6,6,0,2,0,2,0,0,64,120
408,PUDUCHERRY,2001,50,64,2,18,0,18,8,6,2,2,0,8,222,1056,568,488,200,10,46,6,62,1270,2,70,54,6,0,332,4648,8136
409,PUDUCHERRY,2002,58,86,4,12,0,12,20,12,8,4,0,12,258,1052,516,536,386,22,62,6,44,2186,10,118,52,18,0,380,4084,8874
410,PUDUCHERRY,2003,58,64,0,4,0,4,36,26,10,4,0,22,252,1134,590,544,318,24,64,2,36,2106,2,112,54,8,0,364,4370,9034
411,PUDUCHERRY,2004,50,36,28,8,0,8,20,16,4,0,0,2,172,1268,644,624,294,14,70,4,18,1948,12,100,60,4,0,352,4780,9240
412,PUDUCHERRY,2005,38,48,16,12,0,12,12,6,6,2,0,10,134,932,470,462,318,16,82,0,18,1714,8,120,52,12,0,448,5158,9150
413,PUDUCHERRY,2006,60,48,6,18,0,18,36,26,10,4,0,6,168,1120,640,480,388,12,72,4,44,1854,6,112,78,38,0,418,4882,9374
414,PUDUCHERRY,2007,68,84,4,18,0,18,40,28,12,2,4,16,172,1574,996,578,290,12,90,2,36,1808,4,178,64,34,0,534,5074,10108
415,PUDUCHERRY,2008,70,70,6,16,0,16,34,18,16,20,6,20,180,1376,886,490,330,26,106,4,18,1746,4,130,42,24,0,414,5336,9978
416,PUDUCHERRY,2009,74,50,10,2,0,2,36,26,10,14,10,18,142,1422,1004,418,282,14,94,10,22,1802,0,106,32,20,0,466,4556,9182
417,PUDUCHERRY,2010,66,38,32,6,0,6,34,28,6,4,20,10,144,1068,768,300,262,24,154,6,20,1612,2,92,44,14,0,484,3734,7870
418,PUDUCHERRY,2011,64,44,24,14,0,14,24,18,6,10,20,22,130,1414,1022,392,250,18,108,8,20,1706,2,70,32,20,0,486,4238,8724
419,PUDUCHERRY,2012,58,54,24,26,0,26,38,32,6,10,30,32,154,1316,924,392,252,18,180,12,42,1636,0,18,4,12,0,526,4120,8562
